time-interval,counter-value,event,runtime,percentage
10.307009509,309933,branch-instructions,65909282,80.01
10.317362065,989338,branch-instructions,65917447,80.02
10.327725356,386434,branch-instructions,65911191,80.01
10.338134193,331708,branch-instructions,65913865,80.02
10.34843269,1249317,branch-instructions,65913008,80.02
10.35881412,410672,branch-instructions,65910202,80.01
10.369168413,272546,branch-instructions,65915590,80.02
10.379507961,355528,branch-instructions,65906652,80.01
10.389748727,323224,branch-instructions,65916029,80.02
10.400056326,1773790,branch-instructions,65902884,80.0
10.410280352,1559295,branch-instructions,65917028,80.02
10.420575723,1330278,branch-instructions,65901544,80.0
10.430929501,406935,branch-instructions,65918204,80.02
10.441226169,381774,branch-instructions,65902701,80.0
10.45149372,380167,branch-instructions,65918245,80.02
10.472528957,4827366,branch-instructions,65987519,80.02
10.482705879,1559168,branch-instructions,65971332,80.01
10.492929152,408193,branch-instructions,65986911,80.02
10.503111206,428927,branch-instructions,65970376,80.01
10.51336709,301686,branch-instructions,65986288,80.03
10.523647659,2649230,branch-instructions,65970476,80.01
10.53387798,2687760,branch-instructions,65986023,80.03
10.544162331,1084112,branch-instructions,65970578,80.01
10.554387911,353190,branch-instructions,65986024,80.03
10.56455911,1142336,branch-instructions,65969793,80.01
10.574782413,899091,branch-instructions,65985201,80.03
10.585015231,361764,branch-instructions,65969087,80.01
10.595262741,445934,branch-instructions,65984771,80.03
10.605492407,368665,branch-instructions,65969027,80.01
10.61571564,333437,branch-instructions,65984324,80.03
10.625871251,466319,branch-instructions,65968126,80.01
10.636092484,392783,branch-instructions,65983419,80.03
10.646262959,1076814,branch-instructions,65966858,80.01
10.656448538,1621403,branch-instructions,65981227,80.03
10.66667609,433749,branch-instructions,65966244,80.01
10.676847699,1854700,branch-instructions,65977204,80.02
10.687091343,3915282,branch-instructions,65965723,80.01
10.697393055,5878674,branch-instructions,65973185,80.02
10.707586903,765243,branch-instructions,65965339,80.01
10.717714962,932162,branch-instructions,65970099,80.02
10.727819837,380633,branch-instructions,65963557,80.01
10.738070647,723120,branch-instructions,65965308,80.02
10.748168499,971796,branch-instructions,65962221,80.01
10.758403186,438070,branch-instructions,65961516,80.01
10.768581028,437870,branch-instructions,65961633,80.01
10.778874125,992094,branch-instructions,65957530,80.01
10.789099644,345988,branch-instructions,65962255,80.01
10.799470181,2089788,branch-instructions,65954001,80.0
10.80974612,348501,branch-instructions,65962706,80.02
10.820051034,886961,branch-instructions,65950152,80.0
10.830298866,1500541,branch-instructions,65963582,80.02
10.840585709,361893,branch-instructions,65948772,80.0
10.850881593,1349510,branch-instructions,65964175,80.02
10.861166678,922944,branch-instructions,65949430,80.0
10.871419058,827982,branch-instructions,65964619,80.02
10.881687338,1503374,branch-instructions,65949551,80.0
10.891945788,678691,branch-instructions,65964923,80.02
10.902226775,1239586,branch-instructions,65949997,80.0
10.912479345,1105520,branch-instructions,65965294,80.02
10.922768842,476465,branch-instructions,65950690,80.0
10.933039169,318185,branch-instructions,65965824,80.02
10.943360152,375953,branch-instructions,65951158,80.0
10.953644321,328791,branch-instructions,65966547,80.02
10.963896416,1228602,branch-instructions,65951562,80.0
10.974141797,3553675,branch-instructions,65966971,80.02
10.984446149,3282978,branch-instructions,65951935,80.01
10.994734431,941298,branch-instructions,65967384,80.02
11.005038346,399719,branch-instructions,65953009,80.01
11.015378296,457663,branch-instructions,65968489,80.03
11.0256626,815611,branch-instructions,65953907,80.01
11.035998678,1676429,branch-instructions,65969576,80.03
11.046317324,861179,branch-instructions,65954876,80.01
11.056582926,1104975,branch-instructions,65968048,80.03
11.066842369,1181129,branch-instructions,65955396,80.01
11.077181215,1895974,branch-instructions,65964326,80.02
11.087468087,1451040,branch-instructions,65956044,80.01
11.097788923,1673486,branch-instructions,65960722,80.02
11.108082424,1270811,branch-instructions,65957072,80.01
11.118330413,1091442,branch-instructions,65957021,80.01
11.128696429,408845,branch-instructions,65958213,80.01
11.139018687,314679,branch-instructions,65953427,80.01
11.149342845,2060761,branch-instructions,65959746,80.01
11.159700891,408660,branch-instructions,65950062,80.0
11.170231927,371345,branch-instructions,65962518,80.02
11.180460322,1205761,branch-instructions,65947917,80.0
11.190800083,566022,branch-instructions,65963177,80.02
11.201084557,367417,branch-instructions,65948710,80.0
11.211353459,381094,branch-instructions,65964127,80.02
11.221739547,429455,branch-instructions,65949678,80.0
11.23198236,1339503,branch-instructions,65964543,80.02
11.242275298,1093114,branch-instructions,65950181,80.0
11.25252905,1008125,branch-instructions,65964741,80.02
11.262821577,545456,branch-instructions,65950796,80.0
11.273191037,1275371,branch-instructions,65966349,80.02
11.283468319,1452065,branch-instructions,65951747,80.0
11.29376816,1798568,branch-instructions,65966889,80.02
11.304033689,435202,branch-instructions,65952484,80.01
11.314271021,450418,branch-instructions,65966743,80.02
11.324450099,417503,branch-instructions,65951858,80.01
11.334645638,355065,branch-instructions,65966136,80.02
11.344890755,529873,branch-instructions,65951774,80.01
11.355234573,330226,branch-instructions,65966986,80.02
11.365559019,387470,branch-instructions,65953000,80.01
11.375865861,348043,branch-instructions,65968070,80.03
11.386182369,419323,branch-instructions,65954257,80.01
11.396500932,520908,branch-instructions,65968143,80.03
11.406798109,381691,branch-instructions,65955435,80.01
11.417127465,369031,branch-instructions,65964654,80.02
11.427434681,369515,branch-instructions,65956301,80.01
11.437751053,431862,branch-instructions,65961133,80.02
11.448055681,317732,branch-instructions,65957296,80.01
11.458344161,362698,branch-instructions,65957610,80.01
11.468599027,640588,branch-instructions,65958171,80.01
11.478931721,3418375,branch-instructions,65954251,80.01
11.489197773,736124,branch-instructions,65959223,80.01
11.499574335,1611211,branch-instructions,65950547,80.0
11.509754976,540159,branch-instructions,65959009,80.02
11.520035749,429889,branch-instructions,65947098,80.0
11.53023177,390501,branch-instructions,65960094,80.02
11.540663966,365514,branch-instructions,65946712,80.0
11.551033712,522592,branch-instructions,65961798,80.02
11.561414689,393089,branch-instructions,65948086,80.0
11.571727214,330237,branch-instructions,65962691,80.02
11.581975466,535480,branch-instructions,65948668,80.0
11.592208763,399328,branch-instructions,65962855,80.02
11.6025153,660784,branch-instructions,65948877,80.0
11.612782063,880171,branch-instructions,65963414,80.02
11.623143231,499666,branch-instructions,65949712,80.0
11.633399076,321306,branch-instructions,65963991,80.02
11.643637653,363159,branch-instructions,65949770,80.0
11.653894636,329513,branch-instructions,65964040,80.02
11.66415608,437778,branch-instructions,65949667,80.01
11.674373829,372057,branch-instructions,65963893,80.02
11.684659876,391892,branch-instructions,65949804,80.01
11.694900903,394053,branch-instructions,65964132,80.02
11.70517021,392425,branch-instructions,65950321,80.01
11.715460962,321123,branch-instructions,65964621,80.02
11.725736851,503140,branch-instructions,65950369,80.01
11.735985731,337426,branch-instructions,65964768,80.03
11.746370181,423958,branch-instructions,65951109,80.01
11.756623243,323339,branch-instructions,65963273,80.02
11.766837946,312420,branch-instructions,65951353,80.01
11.777121149,315993,branch-instructions,65959989,80.02
11.787289799,321538,branch-instructions,65951577,80.01
11.797646623,319331,branch-instructions,65956814,80.02
11.807835561,582783,branch-instructions,65952277,80.01
11.81825207,349134,branch-instructions,65953264,80.01
11.828479075,382129,branch-instructions,65952218,80.01
11.838779676,286420,branch-instructions,65949625,80.01
11.849073822,305114,branch-instructions,65953104,80.01
11.859326518,325065,branch-instructions,65946542,80.01
11.869571678,361503,branch-instructions,65953813,80.01
11.879912482,993494,branch-instructions,65942973,80.0
11.890258436,770163,branch-instructions,65954748,80.02
11.900521071,2290641,branch-instructions,65941188,80.0
11.910781348,1363747,branch-instructions,65955124,80.02
11.921036896,1143895,branch-instructions,65941514,80.0
11.931296994,1572280,branch-instructions,65955287,80.02
11.941470982,393777,branch-instructions,65940612,80.0
11.951611598,318939,branch-instructions,65953719,80.02
11.961768372,1770738,branch-instructions,65939774,80.0
11.971932805,5978986,branch-instructions,65953028,80.02
11.982097549,659460,branch-instructions,65938648,80.0
11.992344602,1171415,branch-instructions,65952849,80.02
12.002681326,589076,branch-instructions,65939454,80.0
12.0131407,1247059,branch-instructions,65955251,80.02
12.023503735,1356385,branch-instructions,65942034,80.0
12.033865816,955511,branch-instructions,65956131,80.02
12.044141776,1411329,branch-instructions,65942608,80.01
12.054370499,549255,branch-instructions,65956686,80.02
12.064747871,1638757,branch-instructions,65943941,80.01
12.075039769,937991,branch-instructions,65958305,80.02
12.085388803,965982,branch-instructions,65945375,80.01
12.095752806,1026474,branch-instructions,65959903,80.02
12.106175185,403722,branch-instructions,65947019,80.01
12.116436801,1129458,branch-instructions,65959732,80.03
12.126623101,1764628,branch-instructions,65947095,80.01
12.137084344,385617,branch-instructions,65956227,80.02
12.147276946,1389812,branch-instructions,65948142,80.01
12.157618136,386814,branch-instructions,65953092,80.02
12.167799823,356208,branch-instructions,65948339,80.01
12.178174836,281823,branch-instructions,65949996,80.01
12.188419936,422425,branch-instructions,65949201,80.01
12.198820347,301263,branch-instructions,65946707,80.01
12.209026133,1016812,branch-instructions,65949988,80.01
12.219385049,356606,branch-instructions,65943579,80.01
12.229549441,515681,branch-instructions,65950539,80.01
12.239860216,337308,branch-instructions,65940481,80.0
12.250069883,1450582,branch-instructions,65950603,80.02
12.260332766,1337620,branch-instructions,65937349,80.0
12.270562649,829670,branch-instructions,65950872,80.02
12.280825794,1221245,branch-instructions,65937468,80.0
12.291135756,1048190,branch-instructions,65951425,80.02
12.301499233,1179412,branch-instructions,65938619,80.0
12.311799611,1680915,branch-instructions,65952724,80.02
12.322195331,845854,branch-instructions,65940051,80.0
12.332482279,1073610,branch-instructions,65954004,80.02
12.342894005,457656,branch-instructions,65941587,80.0
12.353270006,345078,branch-instructions,65955829,80.02
12.363581181,401450,branch-instructions,65942598,80.0
12.373800522,350017,branch-instructions,65956201,80.02
12.384201703,835325,branch-instructions,65943277,80.01
12.394418112,484892,branch-instructions,65956375,80.02
12.404704189,1053070,branch-instructions,65943938,80.01
12.415063428,1303903,branch-instructions,65957868,80.02
12.425408848,986143,branch-instructions,65945369,80.01
12.435813336,1675210,branch-instructions,65959501,80.02
12.446169415,1013753,branch-instructions,65947140,80.01
12.456474109,431141,branch-instructions,65959414,80.02
12.466622169,822359,branch-instructions,65946882,80.01
12.477363718,3929747,branch-instructions,65956278,80.02
12.487600769,490124,branch-instructions,65949926,80.01
12.49784723,1019039,branch-instructions,65953046,80.02
12.508031848,322277,branch-instructions,65950170,80.01
12.518377314,352253,branch-instructions,65949984,80.01
12.528527646,1298429,branch-instructions,65949630,80.01
12.538774412,398991,branch-instructions,65946779,80.01
12.548976081,1064697,branch-instructions,65949466,80.01
12.559257397,428482,branch-instructions,65943611,80.01
12.569452602,967540,branch-instructions,65949576,80.01
12.579789488,427465,branch-instructions,65940448,80.0
12.58993229,601189,branch-instructions,65949420,80.02
12.600242117,966767,branch-instructions,65937306,80.0
12.61042701,481640,branch-instructions,65949857,80.02
12.620863203,373380,branch-instructions,65938036,80.0
12.63129749,395368,branch-instructions,65952411,80.02
12.641719796,388540,branch-instructions,65940064,80.0
12.651911243,338580,branch-instructions,65953399,80.02
12.662338752,515450,branch-instructions,65941009,80.0
12.672634364,418620,branch-instructions,65954339,80.02
12.683003489,358752,branch-instructions,65942280,80.0
12.693361302,380442,branch-instructions,65955952,80.02
12.703703126,376276,branch-instructions,65943652,80.01
12.714027753,343390,branch-instructions,65957250,80.02
12.724421574,385265,branch-instructions,65945108,80.01
12.734821698,425563,branch-instructions,65958570,80.02
12.745126564,370592,branch-instructions,65946456,80.01
12.755540148,337609,branch-instructions,65960308,80.02
12.765808991,436754,branch-instructions,65947685,80.01
12.776204496,713030,branch-instructions,65961302,80.02
12.786516812,1142502,branch-instructions,65948789,80.01
12.796811939,413757,branch-instructions,65958825,80.02
12.807081272,299424,branch-instructions,65949682,80.01
12.81751603,472865,branch-instructions,65955761,80.02
12.827737997,449107,branch-instructions,65950870,80.01
12.838194168,360166,branch-instructions,65952696,80.01
12.848449989,1346548,branch-instructions,65952182,80.01
12.858891174,470814,branch-instructions,65949459,80.01
12.869077623,868454,branch-instructions,65953341,80.01
12.87953832,438104,branch-instructions,65946467,80.0
12.889791896,628057,branch-instructions,65954094,80.01
12.900088257,1503910,branch-instructions,65943269,80.0
12.910313723,376218,branch-instructions,65954839,80.02
12.920702736,372879,branch-instructions,65943112,80.0
12.931126761,415778,branch-instructions,65956887,80.02
12.941542782,381822,branch-instructions,65944966,80.0
12.951907577,1485339,branch-instructions,65958418,80.02
12.963460751,1442171,branch-instructions,65949066,80.0
12.973749149,3672943,branch-instructions,65962208,80.01
12.98405398,4430226,branch-instructions,65949892,80.0
12.994328694,1396334,branch-instructions,65962978,80.02
13.004589194,349088,branch-instructions,65950195,80.0
13.014884175,1034643,branch-instructions,65963111,80.02
13.025175692,399642,branch-instructions,65950738,80.0
13.035456011,449200,branch-instructions,65963616,80.02
13.045747869,389740,branch-instructions,65951617,80.0
13.055998309,422326,branch-instructions,65964250,80.02
13.066315745,1586298,branch-instructions,65951889,80.0
13.076555163,438745,branch-instructions,65963327,80.02
13.086806294,308452,branch-instructions,65951983,80.0
13.097075489,487148,branch-instructions,65960437,80.01
13.107249406,1232071,branch-instructions,65952401,80.01
13.117604841,985168,branch-instructions,65957379,80.01
13.127896732,1748984,branch-instructions,65953346,80.01
13.138226078,466569,branch-instructions,65954556,80.01
13.148564488,605135,branch-instructions,65954293,80.01
13.158838416,411980,branch-instructions,65951398,80.0
13.169208397,279353,branch-instructions,65955486,80.01
13.179537722,1422808,branch-instructions,65948540,80.0
13.189804568,378388,branch-instructions,65956167,80.01
13.200085753,1458929,branch-instructions,65945495,80.0
13.210423781,331439,branch-instructions,65957385,80.01
13.220725997,397595,branch-instructions,65945246,80.0
13.231049446,350038,branch-instructions,65958256,80.01
13.24138788,471071,branch-instructions,65946421,80.0
13.251727327,349636,branch-instructions,65959458,80.01
13.262028695,498512,branch-instructions,65947150,80.0
13.27240355,338593,branch-instructions,65960465,80.01
13.282720774,648948,branch-instructions,65948240,80.0
13.29300673,1362262,branch-instructions,65961020,80.01
13.303324103,785784,branch-instructions,65949016,80.0
13.313678122,1501398,branch-instructions,65962067,80.02
13.324024297,430620,branch-instructions,65950518,80.0
13.334375836,372896,branch-instructions,65963476,80.02
13.344632259,941465,branch-instructions,65951283,80.0
13.354920592,1234776,branch-instructions,65964081,80.02
13.365269458,845439,branch-instructions,65952248,80.0
13.375554216,950488,branch-instructions,65965429,80.02
13.386103665,480614,branch-instructions,65954824,80.0
13.396508819,1055297,branch-instructions,65966292,80.02
13.406799419,382671,branch-instructions,65955531,80.0
13.417128791,406439,branch-instructions,65963305,80.01
13.427358494,328675,branch-instructions,65956468,80.01
13.43780121,407110,branch-instructions,65960384,80.01
13.448219011,290159,branch-instructions,65958180,80.01
13.458599358,438491,branch-instructions,65957037,80.01
13.468897493,735778,branch-instructions,65959116,80.01
13.479222088,3296380,branch-instructions,65954007,80.0
13.489426381,317785,branch-instructions,65959608,80.01
13.499823213,1401072,branch-instructions,65951030,80.0
13.510018023,677245,branch-instructions,65960068,80.01
13.520397466,1238537,branch-instructions,65948601,80.0
13.530699612,1208052,branch-instructions,65961196,80.01
13.541016516,509242,branch-instructions,65949446,80.0
13.551263149,566198,branch-instructions,65961705,80.01
13.561542886,442773,branch-instructions,65949774,80.0
13.571833663,358763,branch-instructions,65962234,80.01
13.582082561,590430,branch-instructions,65950198,80.0
13.592402382,396138,branch-instructions,65962828,80.01
13.602676919,419147,branch-instructions,65950784,80.0
13.612909307,1312520,branch-instructions,65962857,80.01
13.623207131,462503,branch-instructions,65951234,80.0
13.633513567,345487,branch-instructions,65963671,80.01
13.643800726,479685,branch-instructions,65952013,80.0
13.654147302,457416,branch-instructions,65964672,80.02
13.664498743,1166972,branch-instructions,65953024,80.0
13.674800642,598291,branch-instructions,65965522,80.02
13.703539365,2243348,branch-instructions,66040693,80.0
13.713807317,718743,branch-instructions,66052759,80.01
13.724096559,402754,branch-instructions,66041388,80.0
13.734419489,390006,branch-instructions,66053765,80.02
13.744756728,575778,branch-instructions,66042305,80.0
13.755084935,378016,branch-instructions,66054685,80.02
13.765363036,547412,branch-instructions,66043105,80.0
13.775733218,358562,branch-instructions,66055508,80.02
13.78596464,406700,branch-instructions,66043566,80.0
13.796284445,330678,branch-instructions,66055645,80.02
13.806592115,310857,branch-instructions,66043844,80.0
13.816904369,318563,branch-instructions,66052749,80.02
13.827215754,326949,branch-instructions,66044247,80.01
13.837461846,433626,branch-instructions,66049393,80.01
13.847665803,286324,branch-instructions,66044347,80.01
13.858065994,385873,branch-instructions,66046250,80.01
13.868304108,262251,branch-instructions,66044841,80.01
13.87873591,333161,branch-instructions,66043202,80.0
13.888984252,263267,branch-instructions,66045842,80.01
13.899322222,436504,branch-instructions,66040170,80.0
13.909679707,270063,branch-instructions,66046670,80.01
13.91995334,1094484,branch-instructions,66037182,80.0
13.930253096,1053720,branch-instructions,66047208,80.01
13.940505189,387983,branch-instructions,66035397,80.0
13.950758001,318737,branch-instructions,66047341,80.01
13.961223991,1008192,branch-instructions,66036892,80.0
13.971506568,2757187,branch-instructions,66048890,80.01
13.981749756,4110611,branch-instructions,66036936,80.0
13.992056486,1901066,branch-instructions,66048929,80.01
14.002333655,343700,branch-instructions,66037260,80.0
14.012552891,1317682,branch-instructions,66048935,80.01
14.022896407,435299,branch-instructions,66037783,80.0
14.033181903,330018,branch-instructions,66049711,80.01
14.043459915,413335,branch-instructions,66038134,80.0
14.053790987,339338,branch-instructions,66050232,80.02
14.064017673,371290,branch-instructions,66038316,80.0
14.074325932,347925,branch-instructions,66050310,80.02
14.084579677,408174,branch-instructions,66038367,80.0
14.094832351,358045,branch-instructions,66050244,80.02
14.10513689,365318,branch-instructions,66038466,80.0
14.115426861,356003,branch-instructions,66050365,80.02
14.125726855,427166,branch-instructions,66038886,80.0
14.135993389,312011,branch-instructions,66050631,80.02
14.146285231,355258,branch-instructions,66038935,80.0
14.15649578,299242,branch-instructions,66049486,80.02
14.166754374,307257,branch-instructions,66038663,80.0
14.177024503,319515,branch-instructions,66046438,80.01
14.187312018,295055,branch-instructions,66039044,80.0
14.197619296,1670495,branch-instructions,66043626,80.01
14.207914211,1503116,branch-instructions,66039712,80.01
14.218248761,441843,branch-instructions,66040647,80.01
14.228478169,279160,branch-instructions,66040027,80.01
14.238779922,643744,branch-instructions,66037874,80.0
14.249029483,339279,branch-instructions,66040614,80.01
14.259361743,367707,branch-instructions,66035012,80.0
14.269637475,457005,branch-instructions,66041281,80.01
14.280004822,1149694,branch-instructions,66031983,80.0
14.290347474,1465658,branch-instructions,66042218,80.01
14.300580191,2452512,branch-instructions,66030834,80.0
14.310931386,343767,branch-instructions,66042778,80.01
14.321261475,653479,branch-instructions,66031694,80.0
14.33154814,959181,branch-instructions,66043296,80.01
14.341823858,451171,branch-instructions,66032103,80.0
14.352171941,332727,branch-instructions,66043963,80.01
14.362486321,375397,branch-instructions,66032810,80.0
14.372817182,338126,branch-instructions,66044639,80.01
14.383097274,470653,branch-instructions,66033251,80.0
14.39339116,349909,branch-instructions,66045001,80.01
14.403701269,351956,branch-instructions,66033884,80.0
14.414014284,335682,branch-instructions,66045494,80.01
14.424300402,361872,branch-instructions,66034279,80.0
14.434631276,319263,branch-instructions,66046220,80.02
14.44500022,367179,branch-instructions,66035487,80.0
14.455369671,374742,branch-instructions,66047389,80.02
14.465690113,1838985,branch-instructions,66036658,80.0
14.475956236,2717191,branch-instructions,66048116,80.02
14.486227239,1134823,branch-instructions,66036827,80.0
14.496490876,352104,branch-instructions,66047343,80.02
14.506618008,473407,branch-instructions,66035791,80.0
14.516892155,2179891,branch-instructions,66044145,80.01
14.527051781,773510,branch-instructions,66035727,80.0
14.537348596,1883442,branch-instructions,66041279,80.01
14.547561683,721702,branch-instructions,66035479,80.01
14.557921203,538960,branch-instructions,66038162,80.01
14.56811473,306669,branch-instructions,66035655,80.01
14.578407349,399709,branch-instructions,66035508,80.01
14.588585831,309345,branch-instructions,66035699,80.01
14.598880342,1125486,branch-instructions,66032806,80.0
14.609084141,368272,branch-instructions,66035620,80.01
14.619453718,1252066,branch-instructions,66029914,80.0
14.629674208,351566,branch-instructions,66036129,80.01
14.639955719,480616,branch-instructions,66027014,80.0
14.650146006,1370861,branch-instructions,66036264,80.01
14.66044902,406478,branch-instructions,66024927,80.0
14.67072007,431402,branch-instructions,66036288,80.01
14.680994831,412403,branch-instructions,66025360,80.0
14.691302882,426430,branch-instructions,66036775,80.01
14.701530052,487427,branch-instructions,66025464,80.0
14.711881211,1350163,branch-instructions,66037479,80.01
14.722291102,373649,branch-instructions,66026927,80.0
14.732549703,346112,branch-instructions,66038180,80.01
14.742825334,1236423,branch-instructions,66027515,80.0
14.753161187,443144,branch-instructions,66039239,80.01
14.763491609,416170,branch-instructions,66028322,80.0
14.77380204,1099608,branch-instructions,66039757,80.01
14.784095361,556178,branch-instructions,66029095,80.0
14.794471785,406529,branch-instructions,66040990,80.02
14.804861882,345508,branch-instructions,66030123,80.0
14.815185148,403632,branch-instructions,66042147,80.02
14.825608802,407884,branch-instructions,66031348,80.0
14.835907045,325253,branch-instructions,66043275,80.02
14.846272208,432838,branch-instructions,66032458,80.0
14.856648775,279004,branch-instructions,66042209,80.02
14.866803384,324876,branch-instructions,66032431,80.0
14.87710595,310487,branch-instructions,66039629,80.01
14.887476413,345147,branch-instructions,66033535,80.01
14.897795582,385415,branch-instructions,66036811,80.01
14.908109975,1485801,branch-instructions,66034286,80.01
14.918427012,375240,branch-instructions,66033923,80.01
14.928815416,371976,branch-instructions,66035272,80.01
14.939152857,1100867,branch-instructions,66031042,80.0
14.949555934,1530173,branch-instructions,66036329,80.01
14.95979501,456274,branch-instructions,66028256,80.0
14.970010301,4359909,branch-instructions,66036205,80.01
14.980239169,4412036,branch-instructions,66025492,80.0
14.990566053,590085,branch-instructions,66036932,80.01
15.000909897,503177,branch-instructions,66026393,80.0
15.011314663,1309252,branch-instructions,66038116,80.01
15.021679855,860661,branch-instructions,66027701,80.0
15.031948797,1444221,branch-instructions,66038781,80.01
15.042232928,424916,branch-instructions,66028068,80.0
15.052487655,364022,branch-instructions,66039045,80.01
15.062860619,519169,branch-instructions,66028410,80.0
15.073218593,865304,branch-instructions,66039703,80.01
15.083481894,1375437,branch-instructions,66029024,80.0
15.094017393,1345151,branch-instructions,66041122,80.01
15.104254554,692524,branch-instructions,66029959,80.0
15.11451678,1284439,branch-instructions,66041046,80.01
15.124773291,1538900,branch-instructions,66030431,80.0
15.135153198,923758,branch-instructions,66042033,80.02
15.145490787,1816989,branch-instructions,66031363,80.0
15.155747516,1127721,branch-instructions,66042079,80.02
15.165958976,898160,branch-instructions,66031238,80.0
15.17616088,1128056,branch-instructions,66041603,80.02
15.186378842,2411636,branch-instructions,66030361,80.0
15.196523722,950633,branch-instructions,66039743,80.02
15.206672152,579408,branch-instructions,66029468,80.0
15.216894281,1059229,branch-instructions,66037089,80.01
15.22713303,2165998,branch-instructions,66029568,80.01
15.237505262,656946,branch-instructions,66034187,80.01
15.247687956,950034,branch-instructions,66029467,80.01
15.258034211,378591,branch-instructions,66031553,80.01
15.268326229,1054281,branch-instructions,66030250,80.01
15.27862443,1003961,branch-instructions,66028935,80.01
15.288854347,742814,branch-instructions,66030422,80.01
15.2991767,1114293,branch-instructions,66026279,80.0
15.30940744,1118328,branch-instructions,66030582,80.01
15.319675757,394087,branch-instructions,66023548,80.0
15.32988106,335222,branch-instructions,66030853,80.01
15.340202748,324055,branch-instructions,66021006,80.0
15.350503925,530303,branch-instructions,66031714,80.01
15.36085789,371865,branch-instructions,66021297,80.0
15.37114049,386326,branch-instructions,66032260,80.01
15.381473185,365024,branch-instructions,66021962,80.0
15.391765632,411846,branch-instructions,66032976,80.01
15.402067037,643336,branch-instructions,66022664,80.0
15.412420286,872311,branch-instructions,66033952,80.01
15.422697612,363173,branch-instructions,66023486,80.0
15.433119361,798520,branch-instructions,66034885,80.01
15.443457313,1324764,branch-instructions,66025040,80.0
15.453850773,423756,branch-instructions,66036771,80.01
15.464228582,767961,branch-instructions,66026286,80.0
15.474535409,2130381,branch-instructions,66037621,80.02
10.239504934,6237356,branch-instructions,54548836,66.66
10.249761988,6241939,branch-instructions,54542659,66.65
10.259843463,6748256,branch-instructions,54538284,66.65
10.270069578,6374967,branch-instructions,54561237,66.67
10.280185026,6334711,branch-instructions,54527929,66.63
10.290468987,6652581,branch-instructions,54555506,66.67
10.300761559,6543273,branch-instructions,54525754,66.63
10.310866681,6646747,branch-instructions,54545489,66.66
10.32109959,6825459,branch-instructions,54544549,66.65
10.331204282,6485774,branch-instructions,54535309,66.64
10.341495382,6325325,branch-instructions,54562637,66.68
10.351666523,5843998,branch-instructions,54525912,66.63
10.361979246,6459645,branch-instructions,54553405,66.67
10.372272834,6460952,branch-instructions,54527790,66.63
10.382406946,6835412,branch-instructions,54543849,66.65
10.392696725,6292343,branch-instructions,54546427,66.66
10.402815305,9674469,branch-instructions,54534171,66.64
10.412998831,8319483,branch-instructions,54560793,66.68
10.423280065,8158039,branch-instructions,54525264,66.63
10.433513798,7988742,branch-instructions,54551977,66.66
10.443692087,8199673,branch-instructions,54530231,66.64
10.453777821,7984907,branch-instructions,54541392,66.65
10.464039474,8417043,branch-instructions,54548731,66.66
10.474155755,8922417,branch-instructions,54531465,66.64
10.484423033,7946214,branch-instructions,54558081,66.67
10.494566512,10497519,branch-instructions,54521677,66.63
10.50477652,7910594,branch-instructions,54548164,66.66
10.514979565,9495585,branch-instructions,54532399,66.64
10.525110931,9853801,branch-instructions,54538186,66.65
10.535358276,15105657,branch-instructions,54550742,66.67
10.545471211,15377885,branch-instructions,54528098,66.64
10.555656314,8846375,branch-instructions,54554380,66.67
10.565917651,11698187,branch-instructions,54518932,66.63
10.576177858,11953420,branch-instructions,54545594,66.66
10.586455357,8607677,branch-instructions,54534432,66.65
10.596560725,8073847,branch-instructions,54535887,66.65
10.606833185,4974953,branch-instructions,54552717,66.67
10.616952262,3603840,branch-instructions,54526310,66.64
10.627142583,4561272,branch-instructions,54552459,66.67
10.637464226,3476392,branch-instructions,54518425,66.63
10.647576289,6702869,branch-instructions,54543170,66.66
10.657754092,4698104,branch-instructions,54536726,66.65
10.667877319,5612483,branch-instructions,54532864,66.65
10.678042127,7412752,branch-instructions,54554813,66.67
10.688162682,8453249,branch-instructions,54522502,66.64
10.69839406,5379675,branch-instructions,54548847,66.67
10.708696393,8193178,branch-instructions,54520879,66.63
10.718848869,4704070,branch-instructions,54539765,66.66
10.728991536,8539556,branch-instructions,54539035,66.66
10.739096694,6028250,branch-instructions,54529237,66.64
10.749300176,5720361,branch-instructions,54555096,66.68
10.759541641,2896063,branch-instructions,54520169,66.63
10.769842283,9323775,branch-instructions,54546561,66.67
10.780116367,11539173,branch-instructions,54522944,66.64
10.790227589,12365642,branch-instructions,54537053,66.65
10.800463213,12793627,branch-instructions,54540840,66.66
10.810577009,8602961,branch-instructions,54527405,66.64
10.820782699,6412992,branch-instructions,54553007,66.67
10.83097165,4241846,branch-instructions,54518095,66.63
10.841226659,8887330,branch-instructions,54543878,66.66
10.851440034,14366006,branch-instructions,54525185,66.64
10.861530934,6356648,branch-instructions,54533739,66.65
10.871640166,7276872,branch-instructions,54543014,66.66
10.881734648,15960085,branch-instructions,54523020,66.64
10.891846983,12613130,branch-instructions,54547993,66.67
10.901999697,8881857,branch-instructions,54512980,66.63
10.912133345,13183315,branch-instructions,54537944,66.66
10.922312207,12482845,branch-instructions,54527689,66.65
10.932437522,5482654,branch-instructions,54528046,66.65
10.942604369,6581022,branch-instructions,54545350,66.67
10.952715694,7280209,branch-instructions,54518078,66.64
10.9629118,6644575,branch-instructions,54543208,66.67
10.973076739,7090080,branch-instructions,54512155,66.63
10.98318882,4797669,branch-instructions,54533264,66.66
10.993363803,6669670,branch-instructions,54529901,66.65
11.003499009,12365677,branch-instructions,54523424,66.65
11.013707982,10478184,branch-instructions,54547300,66.68
11.023829046,13311867,branch-instructions,54513838,66.64
11.03403616,10672791,branch-instructions,54539027,66.67
11.044254304,14007665,branch-instructions,54514403,66.64
11.054395553,1628646,branch-instructions,54529567,66.66
11.064609971,2023652,branch-instructions,54531845,66.66
11.07473327,1667566,branch-instructions,54519763,66.64
11.084870162,1947164,branch-instructions,54545520,66.68
11.095386645,1146042,branch-instructions,54512792,66.63
11.105651534,2887991,branch-instructions,54537589,66.66
11.115826547,4935882,branch-instructions,54516287,66.64
11.125922364,4562917,branch-instructions,54528262,66.65
11.136241102,6790820,branch-instructions,54533791,66.66
11.146378738,14557818,branch-instructions,54519225,66.64
11.156608539,10430248,branch-instructions,54544208,66.67
11.166841838,3022122,branch-instructions,54510428,66.63
11.177054571,3678397,branch-instructions,54535893,66.66
11.187434325,2210498,branch-instructions,54518504,66.64
11.197580039,4377636,branch-instructions,54527252,66.65
11.207801695,2347017,branch-instructions,54535585,66.66
11.217924704,3745338,branch-instructions,54518133,66.64
11.228252926,6419707,branch-instructions,54543641,66.67
11.238537342,11229083,branch-instructions,54510575,66.63
11.248803007,14445229,branch-instructions,54535587,66.66
11.259037291,14013038,branch-instructions,54520615,66.64
11.269198926,2284243,branch-instructions,54526949,66.65
11.27953054,1615121,branch-instructions,54537894,66.66
11.289713375,1579805,branch-instructions,54518880,66.64
11.300063656,1269309,branch-instructions,54544682,66.67
11.310403952,1112758,branch-instructions,54512331,66.63
11.320777221,1142689,branch-instructions,54537575,66.66
11.331008978,2443866,branch-instructions,54522961,66.64
11.341207851,2944500,branch-instructions,54529009,66.65
11.351475442,4993826,branch-instructions,54539857,66.67
11.361644709,11521031,branch-instructions,54520267,66.64
11.371819959,12404568,branch-instructions,54544422,66.67
11.382179697,11484208,branch-instructions,54512263,66.63
11.392456642,1735570,branch-instructions,54536979,66.66
11.402751496,2051083,branch-instructions,54524319,66.65
11.412900719,1581626,branch-instructions,54527966,66.65
11.423029115,1796263,branch-instructions,54541258,66.67
11.433159163,649115,branch-instructions,54518226,66.64
11.443318709,4795917,branch-instructions,54542325,66.67
11.453500782,5496522,branch-instructions,54509510,66.63
11.46358622,13580823,branch-instructions,54532669,66.66
11.473747887,11828898,branch-instructions,54526516,66.65
11.483870812,6235789,branch-instructions,54523155,66.65
11.494116978,6751410,branch-instructions,54543331,66.67
11.504264788,7763036,branch-instructions,54513960,66.64
11.514401083,6018809,branch-instructions,54537706,66.67
11.524541782,6478854,branch-instructions,54511717,66.64
11.53465816,6735484,branch-instructions,54528177,66.66
11.544905763,6580480,branch-instructions,54528694,66.66
11.555010303,6713848,branch-instructions,54519028,66.65
11.565217699,6395081,branch-instructions,54542883,66.67
11.575381809,7859504,branch-instructions,54509777,66.63
11.585491577,6396832,branch-instructions,54533415,66.66
11.595666265,6402653,branch-instructions,54513792,66.64
11.605756072,13976555,branch-instructions,54523713,66.65
11.615954523,11796902,branch-instructions,54530606,66.66
11.626066269,8156402,branch-instructions,54514325,66.64
11.636243691,6352074,branch-instructions,54538441,66.67
11.646542427,6543021,branch-instructions,54506374,66.63
11.656781252,6543579,branch-instructions,54530604,66.66
11.667034473,7311041,branch-instructions,54515906,66.64
11.677156771,6337377,branch-instructions,54521568,66.65
11.687402861,6969694,branch-instructions,54532502,66.66
11.697618353,6670350,branch-instructions,54513081,66.64
11.70777338,13087093,branch-instructions,54536652,66.67
11.717996876,7265360,branch-instructions,54504710,66.63
11.728225522,11660670,branch-instructions,54528347,66.66
11.738428845,8114587,branch-instructions,54517999,66.65
11.748568818,6388721,branch-instructions,54519167,66.65
11.758727949,6424206,branch-instructions,54534498,66.67
11.768947288,6119311,branch-instructions,54510950,66.64
11.779196827,6303989,branch-instructions,54534351,66.67
11.789341913,7820622,branch-instructions,54503644,66.63
11.799483134,5978692,branch-instructions,54525437,66.66
11.80969038,6730675,branch-instructions,54520070,66.65
11.819816855,6769556,branch-instructions,54515925,66.65
11.829965207,9941520,branch-instructions,54536355,66.67
11.840103759,5821369,branch-instructions,54506987,66.64
11.850279514,13616867,branch-instructions,54530406,66.67
11.860513593,12846598,branch-instructions,54505699,66.64
11.870663786,6100903,branch-instructions,54521690,66.66
11.880863085,10774036,branch-instructions,54521949,66.66
11.890986324,7053300,branch-instructions,54512532,66.65
11.901205656,6658315,branch-instructions,54535822,66.67
11.911348317,5388229,branch-instructions,54503932,66.64
11.921552188,6273307,branch-instructions,54526807,66.66
11.93168996,7337757,branch-instructions,54507697,66.64
11.94179883,6070184,branch-instructions,54517271,66.65
11.951947782,7541507,branch-instructions,54524050,66.66
11.962085069,15663169,branch-instructions,54508267,66.64
11.972288342,11652319,branch-instructions,54531494,66.67
11.982522763,12194295,branch-instructions,54500315,66.63
11.992795546,6660918,branch-instructions,54523394,66.66
12.002935693,6369119,branch-instructions,54509587,66.65
12.013091809,6432013,branch-instructions,54514581,66.65
12.023299413,6883796,branch-instructions,54525727,66.67
12.03345857,1110045,branch-instructions,54505975,66.64
12.043623421,2450540,branch-instructions,54528581,66.67
12.053749205,459383,branch-instructions,54497205,66.63
12.06403058,10509632,branch-instructions,54520886,66.66
12.0743489,15543107,branch-instructions,54511658,66.65
12.084458871,6957793,branch-instructions,54512069,66.65
12.094611963,6666552,branch-instructions,54527507,66.67
12.104711785,3982464,branch-instructions,54502402,66.64
12.115044852,1604372,branch-instructions,54525792,66.67
12.136913974,2875129,branch-instructions,54573128,66.66
12.147067671,1733311,branch-instructions,54558698,66.64
12.157240973,1335202,branch-instructions,54564345,66.65
12.167396927,1379113,branch-instructions,54574518,66.66
12.177578717,772430,branch-instructions,54555772,66.64
12.187841628,2781989,branch-instructions,54578707,66.67
12.198061802,3171360,branch-instructions,54547955,66.63
12.208297889,7395978,branch-instructions,54570698,66.66
12.218451246,10503212,branch-instructions,54560485,66.65
12.228548368,2104455,branch-instructions,54561443,66.65
12.238740962,1621826,branch-instructions,54575836,66.67
12.24895785,1681212,branch-instructions,54553164,66.64
12.259156273,1527860,branch-instructions,54575344,66.67
12.269333827,1235218,branch-instructions,54545897,66.63
12.279476046,1443763,branch-instructions,54566748,66.66
12.289669381,762396,branch-instructions,54561845,66.65
12.299900324,1419268,branch-instructions,54558503,66.65
12.310098243,1014440,branch-instructions,54577541,66.67
12.320308302,629870,branch-instructions,54550376,66.64
12.330488237,1361732,branch-instructions,54572629,66.66
12.340639358,1382052,branch-instructions,54548009,66.63
12.350795162,1557598,branch-instructions,54564071,66.65
12.360997585,1076366,branch-instructions,54563779,66.65
12.371141547,994002,branch-instructions,54555455,66.64
12.38143066,1642839,branch-instructions,54578289,66.67
12.391635054,715374,branch-instructions,54547660,66.64
12.401801901,1665916,branch-instructions,54569714,66.66
12.412002516,1146539,branch-instructions,54549643,66.64
12.422204226,926146,branch-instructions,54561554,66.65
12.43244296,1228803,branch-instructions,54565072,66.66
12.442723839,1330115,branch-instructions,54554158,66.64
12.453040086,1539194,branch-instructions,54577005,66.67
12.463356442,2173801,branch-instructions,54547347,66.63
12.473618863,3210049,branch-instructions,54570451,66.66
12.483936618,3450794,branch-instructions,54550984,66.64
12.494049074,7254481,branch-instructions,54562610,66.65
12.504380886,7056130,branch-instructions,54566364,66.66
12.514475784,6583835,branch-instructions,54554539,66.64
12.524786375,6737792,branch-instructions,54577043,66.67
12.534997755,5554846,branch-instructions,54546868,66.63
12.545217965,7012153,branch-instructions,54568903,66.66
12.555353354,7094899,branch-instructions,54552765,66.64
12.565447657,6234053,branch-instructions,54559642,66.65
12.575583973,6267109,branch-instructions,54568031,66.66
12.585697036,7714583,branch-instructions,54550873,66.64
12.595944159,6271145,branch-instructions,54572840,66.67
12.606072428,7032163,branch-instructions,54542947,66.63
12.616375448,6427427,branch-instructions,54565561,66.66
12.626685771,5995634,branch-instructions,54554388,66.65
12.636803514,6534514,branch-instructions,54557203,66.65
12.646959897,6782363,branch-instructions,54569716,66.66
12.657096774,6297266,branch-instructions,54548899,66.64
12.667378507,6387859,branch-instructions,54570962,66.67
12.677578701,7203949,branch-instructions,54541323,66.63
12.687827698,7541147,branch-instructions,54563687,66.66
12.69809792,6444952,branch-instructions,54556235,66.65
12.708193361,6586968,branch-instructions,54555187,66.65
12.718395076,7246926,branch-instructions,54571427,66.67
12.728513742,16058388,branch-instructions,54547147,66.64
12.738837143,18143988,branch-instructions,54569684,66.67
12.749140601,18484664,branch-instructions,54542894,66.63
12.759233198,6852613,branch-instructions,54561523,66.66
12.769480619,6248394,branch-instructions,54558002,66.65
12.779592742,5531772,branch-instructions,54553480,66.65
12.78991721,6375523,branch-instructions,54573056,66.67
12.800030868,6648558,branch-instructions,54545575,66.64
12.810281456,6442635,branch-instructions,54567934,66.66
12.820614339,5894428,branch-instructions,54544510,66.64
12.830711205,6715692,branch-instructions,54559756,66.65
12.840904702,6405860,branch-instructions,54559615,66.66
12.85100208,8159392,branch-instructions,54551172,66.65
12.861261499,16706527,branch-instructions,54573296,66.67
12.871525841,5867311,branch-instructions,54544188,66.64
12.881894869,8864555,branch-instructions,54566362,66.66
12.892164818,13008074,branch-instructions,54546103,66.64
12.902298631,6621330,branch-instructions,54558101,66.65
12.912450838,6946930,branch-instructions,54561078,66.66
12.922574881,7057497,branch-instructions,54549944,66.64
12.932868193,6821510,branch-instructions,54571799,66.67
12.943104604,6219406,branch-instructions,54542622,66.63
12.953307186,6441072,branch-instructions,54564264,66.66
12.963509705,6987977,branch-instructions,54547859,66.64
12.973597441,13434059,branch-instructions,54555639,66.65
12.983819405,13981626,branch-instructions,54562649,66.66
12.993928681,5611972,branch-instructions,54547586,66.64
13.004191155,7604536,branch-instructions,54569027,66.67
13.014410175,7487583,branch-instructions,54540428,66.63
13.024695416,6758866,branch-instructions,54562220,66.66
13.034992789,4336332,branch-instructions,54549544,66.64
13.04515189,1719629,branch-instructions,54554577,66.65
13.055448018,1922002,branch-instructions,54564273,66.66
13.065644798,924529,branch-instructions,54547972,66.64
13.076078526,1588337,branch-instructions,54570229,66.67
13.0864095,8889115,branch-instructions,54541797,66.63
13.096646538,2307807,branch-instructions,54563730,66.66
13.107026437,1399146,branch-instructions,54551243,66.64
13.117244294,1683518,branch-instructions,54557029,66.65
13.127554047,4802122,branch-instructions,54566013,66.66
13.13765028,11111074,branch-instructions,54549271,66.64
13.147950771,4292221,branch-instructions,54571261,66.67
13.158299996,1122360,branch-instructions,54543445,66.63
13.168676625,1667907,branch-instructions,54565397,66.66
13.178940179,2179202,branch-instructions,54552901,66.64
13.189081615,1328329,branch-instructions,54557710,66.65
13.199374289,1752901,branch-instructions,54567639,66.66
13.209508781,2836896,branch-instructions,54549998,66.64
13.219727592,908536,branch-instructions,54571666,66.67
13.230156425,989852,branch-instructions,54544684,66.63
13.240554786,1457803,branch-instructions,54566228,66.66
13.250798301,1100205,branch-instructions,54554970,66.65
13.260934537,1842288,branch-instructions,54558718,66.65
13.271272952,2853418,branch-instructions,54569408,66.66
13.281425243,540295,branch-instructions,54551282,66.64
13.2916266,2040573,branch-instructions,54572699,66.67
13.302021557,1322513,branch-instructions,54545682,66.63
13.312449786,1950255,branch-instructions,54567884,66.66
13.322910216,1723414,branch-instructions,54556785,66.65
13.333056,1889173,branch-instructions,54561252,66.65
13.343393977,1280670,branch-instructions,54571245,66.66
13.353513412,2923451,branch-instructions,54553814,66.64
13.363694983,1692762,branch-instructions,54574359,66.67
13.373930046,645005,branch-instructions,54547067,66.63
13.384286133,1953205,branch-instructions,54568390,66.66
13.394524156,1306321,branch-instructions,54558479,66.65
13.404634449,2249192,branch-instructions,54560366,66.65
13.414878586,1910524,branch-instructions,54572947,66.67
13.425035713,2790204,branch-instructions,54552974,66.64
13.435304698,1658024,branch-instructions,54573974,66.67
13.44554754,4368925,branch-instructions,54545853,66.63
13.455657341,6124447,branch-instructions,54566275,66.66
13.465926666,6162938,branch-instructions,54560258,66.65
13.476016934,6116087,branch-instructions,54558541,66.65
13.486296236,8999293,branch-instructions,54574628,66.67
13.496418909,12819892,branch-instructions,54550892,66.64
13.506692175,13088549,branch-instructions,54571792,66.67
13.516930207,6020697,branch-instructions,54547534,66.64
13.52701924,6346759,branch-instructions,54563794,66.66
13.537288106,6622027,branch-instructions,54561627,66.65
13.547393269,6741254,branch-instructions,54555919,66.65
13.557645378,6062981,branch-instructions,54575875,66.67
13.567765822,6021558,branch-instructions,54548375,66.64
13.578071736,7054707,branch-instructions,54569201,66.66
13.588279302,8377651,branch-instructions,54548918,66.64
13.598363971,8549746,branch-instructions,54561249,66.66
13.608580196,7953300,branch-instructions,54563168,66.66
13.618718524,8324554,branch-instructions,54553395,66.65
13.628931452,9857878,branch-instructions,54573871,66.67
13.639173439,11597641,branch-instructions,54546016,66.64
13.649308257,7669527,branch-instructions,54566300,66.66
13.659557772,9541008,branch-instructions,54550787,66.64
13.669627903,7682426,branch-instructions,54558609,66.65
13.679896569,8482024,branch-instructions,54564890,66.66
13.689981524,7981383,branch-instructions,54550374,66.64
13.700126341,7911637,branch-instructions,54570428,66.67
13.710296681,6361894,branch-instructions,54542999,66.64
13.720553249,8267954,branch-instructions,54563578,66.66
13.730903296,8171202,branch-instructions,54552380,66.65
13.741067286,7883159,branch-instructions,54556495,66.65
13.751237385,12483701,branch-instructions,54566584,66.67
13.761340009,12206549,branch-instructions,54548650,66.64
13.771572129,6363727,branch-instructions,54568972,66.67
13.781807929,5010584,branch-instructions,54541667,66.63
13.792065738,6630349,branch-instructions,54562089,66.66
13.802360099,6407799,branch-instructions,54553922,66.65
13.81246775,6513587,branch-instructions,54554876,66.65
13.822764475,6715403,branch-instructions,54567859,66.67
13.832924756,6801429,branch-instructions,54547634,66.64
13.843174835,6789248,branch-instructions,54567858,66.67
13.853412951,8992130,branch-instructions,54541515,66.64
13.863513936,6359193,branch-instructions,54560302,66.66
13.873729635,6147100,branch-instructions,54555505,66.65
13.883831624,12539058,branch-instructions,54552419,66.65
13.8940143,5974007,branch-instructions,54569468,66.67
13.904169347,5299606,branch-instructions,54545005,66.64
13.914425109,6566961,branch-instructions,54565144,66.67
13.92468361,6547278,branch-instructions,54543261,66.64
13.934821279,6202905,branch-instructions,54557471,66.66
13.944942462,6401457,branch-instructions,54557150,66.66
13.955054696,7612351,branch-instructions,54549773,66.65
13.965349288,6507272,branch-instructions,54569863,66.67
13.975571982,4726897,branch-instructions,54542980,66.64
13.985837276,6712507,branch-instructions,54563155,66.66
13.996102693,6686746,branch-instructions,54544873,66.64
14.006192845,7178024,branch-instructions,54555529,66.66
14.016403672,6982264,branch-instructions,54558487,66.66
14.026528904,6211067,branch-instructions,54547856,66.65
14.036771558,6511677,branch-instructions,54567791,66.67
14.047054622,2877113,branch-instructions,54541633,66.64
14.057364762,2491682,branch-instructions,54561651,66.66
14.067567724,832279,branch-instructions,54546129,66.64
14.077748716,1882389,branch-instructions,54554258,66.65
14.088066652,2291853,branch-instructions,54559836,66.66
14.098248984,1958871,branch-instructions,54547724,66.65
14.108607361,1669038,branch-instructions,54568335,66.67
14.118939322,1684567,branch-instructions,54541704,66.64
14.129147554,9839240,branch-instructions,54561644,66.66
14.139420547,16137330,branch-instructions,54547452,66.64
14.149502723,4380537,branch-instructions,54553779,66.65
14.159636489,2126896,branch-instructions,54560965,66.66
14.169764484,1213933,branch-instructions,54546157,66.64
14.18017411,1120893,branch-instructions,54566776,66.67
14.190506143,973395,branch-instructions,54540775,66.64
14.20085874,1660292,branch-instructions,54561025,66.66
14.211095425,2342695,branch-instructions,54548614,66.65
14.221212479,1650649,branch-instructions,54553862,66.65
14.231556065,4745968,branch-instructions,54562100,66.66
14.241700778,1105614,branch-instructions,54547016,66.64
14.252107332,3595982,branch-instructions,54567355,66.67
14.262376097,6514640,branch-instructions,54541121,66.64
14.272610275,14064965,branch-instructions,54560813,66.66
14.282849259,11176261,branch-instructions,54549974,66.65
14.292932913,3224771,branch-instructions,54553200,66.65
14.30316991,2301084,branch-instructions,54563514,66.66
14.313280329,1248907,branch-instructions,54546006,66.64
14.323437942,1931839,branch-instructions,54565039,66.67
14.33363074,5202073,branch-instructions,54538788,66.63
14.343920335,1598832,branch-instructions,54558626,66.66
14.354209655,2553985,branch-instructions,54551862,66.65
14.364327138,10818248,branch-instructions,54551796,66.65
14.374597553,9615655,branch-instructions,54565463,66.67
14.384721577,1659573,branch-instructions,54544821,66.64
14.394980899,2714315,branch-instructions,54564454,66.67
14.405243756,2097587,branch-instructions,54540060,66.64
14.415360726,2139130,branch-instructions,54557198,66.66
14.425642382,1771266,branch-instructions,54553441,66.65
14.435873325,2360014,branch-instructions,54551014,66.65
14.446329668,955902,branch-instructions,54566997,66.67
14.456576052,1527908,branch-instructions,54545804,66.64
14.466994193,2380781,branch-instructions,54566028,66.67
14.47732223,3386893,branch-instructions,54541712,66.64
14.487463537,5422737,branch-instructions,54559278,66.66
14.497628195,6942646,branch-instructions,54555098,66.65
14.507760232,6470344,branch-instructions,54551724,66.65
14.51797457,6746244,branch-instructions,54568444,66.67
14.528088592,7207027,branch-instructions,54544321,66.64
14.538317917,6307202,branch-instructions,54563507,66.66
14.548523275,7380591,branch-instructions,54543359,66.64
14.55864119,6780714,branch-instructions,54556169,66.66
14.568865831,6976932,branch-instructions,54556602,66.66
14.578955365,6073292,branch-instructions,54548543,66.65
14.589156082,6458643,branch-instructions,54567622,66.67
14.59938298,5208765,branch-instructions,54542134,66.64
14.609625071,6877755,branch-instructions,54561422,66.66
14.619920217,7496962,branch-instructions,54544890,66.64
14.630009423,6291212,branch-instructions,54554310,66.65
14.640286313,6059914,branch-instructions,54558181,66.66
14.650412713,7334827,branch-instructions,54547317,66.65
14.660687819,6097794,branch-instructions,54566442,66.67
14.67090747,7081250,branch-instructions,54540836,66.64
14.681103174,7237898,branch-instructions,54559597,66.66
14.691320266,5783001,branch-instructions,54546390,66.65
14.701450205,6785777,branch-instructions,54552213,66.65
14.711591513,6124984,branch-instructions,54559494,66.66
14.721718542,10818291,branch-instructions,54544972,66.65
14.731981563,13323194,branch-instructions,54563913,66.67
14.742233988,13815945,branch-instructions,54538545,66.64
14.752481001,5961011,branch-instructions,54557705,66.66
14.762760062,7091540,branch-instructions,54547925,66.65
14.772851723,5967609,branch-instructions,54550610,66.65
14.783050343,6440871,branch-instructions,54561035,66.67
14.793157335,5414144,branch-instructions,54543144,66.64
14.803279166,6841308,branch-instructions,54561706,66.67
14.813504733,5739813,branch-instructions,54536509,66.64
14.823648206,6484313,branch-instructions,54554636,66.66
14.833779799,6292066,branch-instructions,54549662,66.65
14.843910672,6367268,branch-instructions,54547227,66.65
14.854142136,6929326,branch-instructions,54562679,66.67
14.864305408,7085105,branch-instructions,54540415,66.64
14.874538101,13749125,branch-instructions,54558996,66.67
14.884688295,15509835,branch-instructions,54538099,66.64
14.894810819,6207682,branch-instructions,54551566,66.66
14.904993616,6112059,branch-instructions,54551060,66.66
14.915084574,6259389,branch-instructions,54544265,66.65
14.925373488,6232781,branch-instructions,54563040,66.67
14.935535221,6799941,branch-instructions,54537717,66.64
14.945776105,6818602,branch-instructions,54556375,66.66
14.955995965,6879953,branch-instructions,54539546,66.64
14.9661402,6237917,branch-instructions,54549359,66.66
14.976388076,3758260,branch-instructions,54552545,66.66
14.986532383,4275835,branch-instructions,54542694,66.65
14.996806277,10050284,branch-instructions,54561564,66.67
15.006980167,4699227,branch-instructions,54536164,66.64
15.017264571,3935122,branch-instructions,54554887,66.66
15.027445867,6456027,branch-instructions,54541002,66.65
15.03755474,9889047,branch-instructions,54547288,66.65
15.047728248,5272365,branch-instructions,54553722,66.66
15.057856393,3613025,branch-instructions,54540237,66.65
15.068151211,2860292,branch-instructions,54559048,66.67
15.078420023,4034717,branch-instructions,54534508,66.64
15.088696734,4038509,branch-instructions,54553299,66.66
15.098984036,3685948,branch-instructions,54542313,66.65
15.109116943,3823030,branch-instructions,54546538,66.65
15.1194073,3644692,branch-instructions,54555102,66.66
15.12954269,7082331,branch-instructions,54539927,66.65
15.139813438,4110079,branch-instructions,54558662,66.67
15.150107047,3466999,branch-instructions,54534221,66.64
15.16037242,4022319,branch-instructions,54552853,66.66
15.170647953,6687979,branch-instructions,54543889,66.65
15.180783799,3759354,branch-instructions,54546315,66.65
15.19104123,4048052,branch-instructions,54556534,66.67
15.201157473,3487625,branch-instructions,54539452,66.64
15.211444059,5903363,branch-instructions,54557886,66.67
15.221631331,4754065,branch-instructions,54533161,66.64
15.23189528,5040990,branch-instructions,54551733,66.66
15.242209205,3575394,branch-instructions,54545319,66.65
15.252331049,4513180,branch-instructions,54545383,66.65
15.262558152,4038607,branch-instructions,54558072,66.67
15.272659013,3629403,branch-instructions,54538474,66.64
15.282933236,4065332,branch-instructions,54556817,66.67
15.293191181,3563969,branch-instructions,54534202,66.64
15.303299164,4094666,branch-instructions,54550302,66.66
15.313597692,3839003,branch-instructions,54546780,66.65
15.323736545,3728912,branch-instructions,54543870,66.65
15.334034915,3892024,branch-instructions,54559568,66.67
15.344120459,3621416,branch-instructions,54537353,66.64
